Player;Flag
Guillaume;?
J & B;?
__;?
Tha Base;?
Smashy;?
Wilson;?
fo'camo;?
TnT;?
Dragon;?
Tatu;?
Totor;?
Jadooky;?
cuzynot;?
SzNaJdeR;?
Mad.dox;?
Wouter;?
Guillaume41;?
Beliskner999;?
lumatom;?
YxalagOiram;?
Alexony;?
CretinusMania;?
trace_8;?
Alepede;?
Globo;?
BoktorBanane;?
Firop;?
ColdM4mba;?
Pillday;?
Melkey;?
Qfireball;?
milchshakee;?
Nize;?
Pascow;?
Ludo;?
Greenius;?
Dean091;?   
mctavish01;?
Loko;?
DrBob;?
Shezou;?
MnstrsOmega;?
Harryvanman;?
ShineX;?
katerbarg;?
C1R10N;?
Looz;?
Robert;?
Maverick-V8;?
Sape27;?
Hemerald;?
RACETA;isr
Dekz;isr
Kripke;ger
riolu;ger
Blizz;ger
racehans;ger
Boerta;ger
Netsky;ger
the.Park;ger
eprotizuu;ger
Arcanos;ger
Alecz;ger
Beat;ger
Spunki;ger
nexx.;ger
DexteR;ger
Maciey;ger
Schmaniol;ger
Passi;ger
Hanni0;ger
Philkos;ger
Down;ger
Peyman;ger
Vogter;ger
Tomsen;ger
Detinu;ger
Mystixor;ger
Night;ger
7777Alex7777;ger
Thoringer;ger
WhiteShadow;ger
HQCookie;ger
Techno;ger
racerlight;ger
Piotrunio;ger
Taxon;ger
styx;ger
Rxyveax;ger
Coodyyy;ger
Azora;ger
Anzone;ger
Benitabor;ger
Marius 89;ger
hec_ker;ger
maysen;ger
xxAlex765xx;ger
DarkBringer;ger
Pentacosmic;ger
Speedy0407;ger
oNion;ger
TekkForce;ger
Shock;ger
Sphinx;ger
Dellecto;ger
GMAlf;ger
Coradon24;ger
Lars;ger
Dused;ger
Hivee;ger
Nino;ger
NJin;ger
Derter;ger
Dog;ger
insane;ger
Santus;ger
Massa;ger
oNio;ger
bbAmerang;ger
meson;ger
iEnrage;ger
Ploeder;ger
hal.ko.TimaE;ger
Vyrisus;ger
Cravellas;ger
Scholly1896;ger
gtahabinet;ger
Rimba92;ger
Loupphok;fra
MiThyX;fra
Flechetas;fra
ZedroX;fra
Pieton;fra
Camion;fra
Aziix;fra
LAMArtifice;fra
Labaffue;fra
Vulnerra;fra
Sapi;fra
Fire!;fra
instable;fra
KevinStrike;fra
YodarK;fra
WiiDii;fra
Yosh;fra
PetitPredator;fra
Nawk;fra
Samuel;fra
Katic;fra
hugo220;fra
Forsaken;fra
Wiloux;fra
Gwen;fra
BossWanted;fra
trabadia;fra
Panda;fra
Bicougnon;fra
Brandom;fra
Switch;fra
Ryxsar;fra
ringoa;fra
Cocho;fra
Marco;fra
Kaio;fra
Symbiose;fra
Space;fra
Quentin43;fra
Lzfix;fra
Nemesis;fra
Samerlifofwer;fra
Gyrule;fra
ender;fra
Eyohna;fra
Fanakuri;fra
ZyGoTo;fra
Nath;fra
hyp;fra
Crinatiraxx;bel
NeYo-8826;fra
RS Tornado;fra
Sky;fra
NazgulAars;fra
Sypher;fra
kaka;fra
Pks;fra
Lanz;fra
Guileboom;fra
Knt-1;fra
trckmn;fra
Neko;fra
Phenomega;fra
Scorm;fra
Lookid;fra
btonios;fra
Alyen;fra
Guerro323;fra
TheMonsterC2;fra
AQueCCbob;fra
tayck;fra
FunnyBear;fra
Kazey77;fra
MrLag;fra
Canon;fra
Shamzie;fra
Gunther;fra
Lektro89;fra
Purification;fra
Nahoy;fra
SiXav78;fra
GarmouZze;fra
Farcry69;fra
Bluts;bel
Scrapie;bel
Ragha;bel
Laurens;bel
Flave;bel
Suptim4L;bel
Arcade;bel
MGM;bel
Session005;bel
Demon;nl
Trinity;nl
Pinda;nl
Spam;nl
Cloud;nl
Joepie;nl
Schimmy;nl
juvo;nl
AM98;nl
Grudge;nl
Zooz;nl
Koenz;nl
Wag;nl
TimonBoaz;nl
Bill;nl
RedExtra;nl
Zycos;nl
Astronautj;nl
RotakeR;pol
Doc_Me4ik;pol
Danio;pol
frvr;pol
Savier;pol
Frev;pol
fliks;pol
XoN;pol
GravelGuy;pol
mime;pol
Kulisa;pol
Mnichu;pol
wortex;pol
Plastorex;pol
KarasT7;pol
KarjeN;swe
Pigge;swe
Keby;swe
Byfjunarn;swe
Advision;swe
Gosaft;swe
frostBeule;swe
Lokring;swe
DeathRow;swe
KlockreN;swe
Skuggako;swe
CarlJr;can
Wally;can
Knetogs;can
Karhu;fin
ClearVision;fin
DanikB;cze
Ancaqar;cze
Shock77;cze
Flyer;cze
Synaptic;cze
Kappa;cze
rez;cze
Wolfii;cze
BigBang1112;cze
Ondra;cze
Edgekiwi;cze
Richie;cze
Rollin;aut
Phip;aut
Luffy;aut
Kazuma;aut
faqez;aut
7Alvin;sui
Affi;sui
Coscos;sui
Reyger;sui
Loic;sui
lacsyl;sui
BGHM;sui
L94;sui
Deluxe699;sui
Hakanai;sui
masterkey;sui
Galax39;sui
JaV;nzd
animruler2;nzd
mt17;usa
Nixotica;usa
edk;usa
Quasar;usa
ydooWoody;usa
wormk22;usa
erikmania;usa
Solidtrees;usa
Dark_Abyssii;usa
NixGames;usa
Slimpikcet;usa
Lumby;usa
irtri;usa
KAYS;usa
Tween;slk
n0body;uk
LeoTM2;uk
Pac;uk
Artemis;uk
Ricky;uk
Speed;uk
Howell;uk
Mazzargh;uk
Scotsman;uk
Hefest;cro
RKO 90;ita
AleTheLegend;ita
CircuitFerrari;ita
mart1gann;por
dragonpntm;por
Zypher;por
futurecat;por
Jaja;mar
Hectrox;esp
JaviFlyer;esp
Joltysonic;esp
Kilarath;esp
asier;esp
DRIVER6479;esp
Apoq;nor
Phoebe;nor
awba1;nor
Levon;nor
Yogosun;nor
DarkLink94;nor
Hyllez;nor
Danneboy;nor
Mubazen;nor
Erizel;nor
Serbi;den
Madzen;den
ivan;den
Dunste;den
Mudda;aus
Mebe12;aus
Jerome;aus
mattjimjett;aus
bcp;aus
vrbica;slv
marios2000;gre
eddyey;kaz
Pavel;blr
Warrenz79;irl
Demedi;hun
Rosiante-S;jpn
Bakatonorz;jpn
Yuki;jpn
acidmist;jpn
Alewka;rus
introC;rus
Stik;rus
Dark_QFX;rus
Jjyyay;tga
icenine;bra
GriesGotts;ger
Nsgr;ger
YxalagOiram;fra
Laznox;fra
Fliks;pol
Mentaloli;fra
Linkinito;fra
Granady;ger
Nodd;fra
Nsgr;ger
Nelkey;nl
Bren;fra
sinto;ita
skilley77;ger
Azortharion;den
Smoontjes;den
Koala;ger
Wiljan;?
kraazy_kid;?
zappz;uk
CptSamlon;fin
Pawk;fra
